obra;mes_ano
G002;07/2015
G002;08/2015
G002;09/2015
G002;10/2015
G002;11/2015
G002;12/2015
G002;01/2016
G002;02/2016
G002;03/2016
G002;04/2016
G002;05/2016
G002;06/2016
G002;07/2016
G002;08/2016
G002;09/2016
G002;10/2016
G002;11/2016
G002;12/2016
G002;01/2017
G002;02/2017
G002;03/2017
G002;04/2017
G002;05/2017
G002;06/2017
G002;07/2017
G002;08/2017
G002;09/2017
G002;10/2017
G002;11/2017
G002;12/2017
G002;01/2018
G002;02/2018
G002;03/2018
G002;04/2018
G002;05/2018
G002;06/2018
G002;07/2018
G002;08/2018
G002;09/2018
G002;10/2018
G002;11/2018
G002;12/2018
G002;01/2019
G002;02/2019
G002;03/2019
G002;04/2019
G002;05/2019
G002;06/2019
G002;07/2019
G002;08/2019
G002;09/2019
G003;12/2015
G003;01/2016
G003;02/2016
G003;03/2016
G003;04/2016
G003;05/2016
G003;06/2016
G003;07/2016
G003;08/2016
G003;09/2016
G003;10/2016
G003;11/2016
G003;12/2016
G003;01/2017
G003;02/2017
G003;03/2017
G003;04/2017
G003;05/2017
G003;06/2017
G003;07/2017
G003;08/2017
G003;09/2017
G003;10/2017
G003;11/2017
G003;12/2017
G003;01/2018
G003;02/2018
G003;03/2018
G003;04/2018
G003;05/2018
G003;06/2018
G003;07/2018
G003;08/2018
G003;09/2018
G003;10/2018
G003;11/2018
G003;12/2018
G003;01/2019
G003;02/2019
G003;03/2019
G003;04/2019
G003;05/2019
G003;06/2019
G003;07/2019
G003;08/2019
G003;09/2019
G003;10/2019
G003;11/2019
G003;12/2019
G003;01/2020
G003;02/2020
G003;03/2020
G003;04/2020
G003;05/2020
G003;06/2020
G003;07/2020
G003;08/2020
G003;09/2020
G003;10/2020
G003;11/2020
G003;12/2020
G003;01/2021
G003;02/2021
G003;03/2021
G004;12/2015
G004;01/2016
G004;02/2016
G004;03/2016
G004;04/2016
G004;05/2016
G004;06/2016
G004;07/2016
G004;08/2016
G004;09/2016
G004;10/2016
G004;11/2016
G004;12/2016
G004;01/2017
G004;02/2017
G004;03/2017
G004;04/2017
G004;05/2017
G004;06/2017
G004;07/2017
G004;08/2017
G004;09/2017
G004;10/2017
G004;11/2017
G004;12/2017
G004;01/2018
G004;02/2018
G004;03/2018
G004;04/2018
G004;05/2018
G004;06/2018
G004;07/2018
G004;08/2018
G004;09/2018
G004;10/2018
G004;11/2018
G004;12/2018
G004;01/2019
G004;02/2019
G004;03/2019
G004;04/2019
G004;05/2019
G004;06/2019
G004;07/2019
G004;08/2019
G004;09/2019
G004;10/2019
G004;11/2019
G004;12/2019
G004;01/2020
G004;02/2020
G004;03/2020
G004;04/2020
G004;05/2020
G004;06/2020
G004;07/2020
G004;08/2020
G004;09/2020
G004;10/2020
G004;11/2020
G004;12/2020
G005;02/2016
G005;03/2016
G005;04/2016
G005;05/2016
G005;06/2016
G005;07/2016
G005;08/2016
G005;09/2016
G005;10/2016
G005;11/2016
G005;12/2016
G005;01/2017
G005;02/2017
G005;03/2017
G005;04/2017
G005;05/2017
G005;06/2017
G005;07/2017
G005;08/2017
G005;09/2017
G005;10/2017
G005;11/2017
G005;12/2017
G005;01/2018
G005;02/2018
G005;03/2018
G005;04/2018
G005;05/2018
G005;06/2018
G005;07/2018
G005;08/2018
G005;09/2018
G005;10/2018
G005;11/2018
G005;12/2018
G005;01/2019
G005;02/2019
G005;03/2019
G005;04/2019
G005;05/2019
G005;06/2019
G005;07/2019
G005;08/2019
G005;09/2019
G005;10/2019
G005;11/2019
G005;12/2019
G005;01/2020
G005;02/2020
G005;03/2020
G005;04/2020
G005;05/2020
G005;06/2020
G005;07/2020
G005;08/2020
G005;09/2020
G005;10/2020
G005;11/2020
G005;12/2020
G005;01/2021
G006;02/2016
G006;03/2016
G006;04/2016
G006;05/2016
G006;06/2016
G006;07/2016
G006;08/2016
G006;09/2016
G006;10/2016
G006;11/2016
G006;12/2016
G006;01/2017
G006;02/2017
G006;03/2017
G006;04/2017
G006;05/2017
G006;06/2017
G007;04/2016
G007;05/2016
G007;06/2016
G007;07/2016
G007;08/2016
G007;09/2016
G007;10/2016
G007;11/2016
G007;12/2016
G007;01/2017
G007;02/2017
G007;03/2017
G007;04/2017
G007;05/2017
G007;06/2017
G007;07/2017
G007;08/2017
G007;09/2017
G007;10/2017
G007;11/2017
G007;12/2017
G007;01/2018
G007;02/2018
G007;03/2018
G007;04/2018
G007;05/2018
G007;06/2018
G007;07/2018
G007;08/2018
G007;09/2018
G007;10/2018
G007;11/2018
G007;12/2018
G007;01/2019
G007;02/2019
G007;03/2019
G007;04/2019
G007;05/2019
G007;06/2019
G007;07/2019
G007;08/2019
G007;09/2019
G007;10/2019
G007;11/2019
G007;12/2019
G007;01/2020
G007;02/2020
G007;03/2020
G007;04/2020
G007;05/2020
G007;06/2020
G007;07/2020
G007;08/2020
G007;09/2020
G007;10/2020
G007;11/2020
G007;12/2020
G007;01/2021
G007;02/2021
G008;01/2017
G008;02/2017
G008;03/2017
G008;04/2017
G008;05/2017
G008;06/2017
G008;07/2017
G008;08/2017
G008;09/2017
G008;10/2017
G008;11/2017
G008;12/2017
G008;01/2018
G008;02/2018
G008;03/2018
G008;04/2018
G008;05/2018
G008;06/2018
G008;07/2018
G008;08/2018
G008;09/2018
G008;10/2018
G008;11/2018
G008;12/2018
G008;01/2019
G008;02/2019
G008;03/2019
G008;04/2019
G008;05/2019
G008;06/2019
G008;07/2019
G008;08/2019
G008;09/2019
G008;10/2019
G008;11/2019
G008;12/2019
G008;01/2020
G008;02/2020
G008;03/2020
G008;04/2020
G008;05/2020
G008;06/2020
G008;07/2020
G008;08/2020
G008;09/2020
G008;10/2020
G008;11/2020
G008;12/2020
G008;01/2021
G009;03/2017
G009;04/2017
G009;05/2017
G009;06/2017
G009;07/2017
G009;08/2017
G009;09/2017
G009;10/2017
G009;11/2017
G009;12/2017
G009;01/2018
G009;02/2018
G009;03/2018
G009;04/2018
G009;05/2018
G009;06/2018
G009;07/2018
G009;08/2018
G009;09/2018
G009;10/2018
G009;11/2018
G009;12/2018
G009;01/2019
G009;02/2019
G009;03/2019
G009;04/2019
G009;05/2019
G009;06/2019
G009;07/2019
G009;08/2019
G009;09/2019
G009;10/2019
G009;11/2019
G009;12/2019
G009;01/2020
G009;02/2020
G009;03/2020
G009;04/2020
G009;05/2020
G009;06/2020
G009;07/2020
G009;08/2020
G009;09/2020
G009;10/2020
G009;11/2020
G009;12/2020
G009;01/2021
G009;02/2021
G010;03/2019
G010;04/2019
G010;05/2019
G010;06/2019
G010;07/2019
G010;08/2019
G010;09/2019
G010;10/2019
G010;11/2019
G010;12/2019
G010;01/2020
G010;02/2020
G010;03/2020
G010;04/2020
G010;05/2020
G010;06/2020
G010;07/2020
G010;08/2020
G010;09/2020
G010;10/2020
G010;11/2020
G010;12/2020
G010;01/2021
G010;02/2021
G010;03/2021
Z093;06/2007
Z093;07/2007
Z093;08/2007
Z093;09/2007
Z093;10/2007
Z093;11/2007
Z093;12/2007
Z093;01/2008
Z093;02/2008
Z093;03/2008
Z093;04/2008
Z093;05/2008
Z093;06/2008
Z093;07/2008
Z093;08/2008
Z093;09/2008
Z093;10/2008
Z093;11/2008
Z093;12/2008
Z093;01/2009
Z093;02/2009
Z093;03/2009
Z093;04/2009
Z093;05/2009
Z102;09/2007
Z102;10/2007
Z102;11/2007
Z102;12/2007
Z102;01/2008
Z102;02/2008
Z102;03/2008
Z102;04/2008
Z102;05/2008
Z102;06/2008
Z102;07/2008
Z102;08/2008
Z102;09/2008
Z102;10/2008
Z102;11/2008
Z102;12/2008
Z102;01/2009
Z102;02/2009
Z102;03/2009
Z102;04/2009
Z102;05/2009
Z102;06/2009
Z102;07/2009
Z102;08/2009
Z109;09/2008
Z109;10/2008
Z109;11/2008
Z109;12/2008
Z109;01/2009
Z109;02/2009
Z109;03/2009
Z109;04/2009
Z109;05/2009
Z109;06/2009
Z109;07/2009
Z109;08/2009
Z109;09/2009
Z109;10/2009
Z109;11/2009
Z109;12/2009
Z109;01/2010
Z109;02/2010
Z109;03/2010
Z109;04/2010
Z109;05/2010
Z109;06/2010
Z109;07/2010
Z109;08/2010
Z109;09/2010
Z109;10/2010
Z109;11/2010
Z109;12/2010
Z109;01/2011
Z109;02/2011
Z109;03/2011
Z109;04/2011
Z109;05/2011
Z109;06/2011
Z109;07/2011
Z109;08/2011
Z109;09/2011
Z109;10/2011
Z109;11/2011
Z109;12/2011
Z109;01/2012
Z109;02/2012
Z109;03/2012
Z109;04/2012
Z109;05/2012
Z109;06/2012
Z109;07/2012
Z109;08/2012
Z109;09/2012
Z109;10/2012
Z110;11/2008
Z110;12/2008
Z110;01/2009
Z110;02/2009
Z110;03/2009
Z110;04/2009
Z110;05/2009
Z110;06/2009
Z110;07/2009
Z110;08/2009
Z110;09/2009
Z110;10/2009
Z110;11/2009
Z110;12/2009
Z110;01/2010
Z110;02/2010
Z110;03/2010
Z110;04/2010
Z110;05/2010
Z110;06/2010
Z110;07/2010
Z110;08/2010
Z110;09/2010
Z110;10/2010
Z110;11/2010
Z110;12/2010
Z110;01/2011
Z110;02/2011
Z110;03/2011
Z110;04/2011
Z110;05/2011
Z110;06/2011
Z110;07/2011
Z110;08/2011
Z110;09/2011
Z110;10/2011
Z110;11/2011
Z110;12/2011
Z110;01/2012
Z110;02/2012
Z110;03/2012
Z110;04/2012
Z110;05/2012
Z110;06/2012
Z110;07/2012
Z110;08/2012
Z110;09/2012
Z110;10/2012
Z110;11/2012
Z111;09/2008
Z111;10/2008
Z111;11/2008
Z111;12/2008
Z111;01/2009
Z111;02/2009
Z111;03/2009
Z111;04/2009
Z111;05/2009
Z111;06/2009
Z111;07/2009
Z111;08/2009
Z111;09/2009
Z111;10/2009
Z111;11/2009
Z111;12/2009
Z111;01/2010
Z111;02/2010
Z111;03/2010
Z111;04/2010
Z111;05/2010
Z111;06/2010
Z111;07/2010
Z111;08/2010
Z111;09/2010
Z112;09/2008
Z112;10/2008
Z112;11/2008
Z112;12/2008
Z112;01/2009
Z112;02/2009
Z112;03/2009
Z112;04/2009
Z112;05/2009
Z112;06/2009
Z112;07/2009
Z112;08/2009
Z112;09/2009
Z112;10/2009
Z112;11/2009
Z112;12/2009
Z112;01/2010
Z112;02/2010
Z112;03/2010
Z112;04/2010
Z112;05/2010
Z112;06/2010
Z112;07/2010
Z112;08/2010
Z112;09/2010
Z112;10/2010
Z112;11/2010
Z112;12/2010
Z112;01/2011
Z112;02/2011
Z112;03/2011
Z112;04/2011
Z112;05/2011
Z112;06/2011
Z112;07/2011
Z112;08/2011
Z112;09/2011
Z112;10/2011
Z112;11/2011
Z112;12/2011
Z112;01/2012
Z112;02/2012
Z112;03/2012
Z112;04/2012
Z112;05/2012
Z112;06/2012
Z112;07/2012
Z112;08/2012
Z112;09/2012
Z112;10/2012
Z112;11/2012
Z112;12/2012
Z112;01/2013
Z112;02/2013
Z112;03/2013
Z112;04/2013
Z112;05/2013
Z112;06/2013
Z112;07/2013
Z112;08/2013
Z113;11/2008
Z113;12/2008
Z113;01/2009
Z113;02/2009
Z113;03/2009
Z113;04/2009
Z113;05/2009
Z113;06/2009
Z113;07/2009
Z113;08/2009
Z113;09/2009
Z113;10/2009
Z113;11/2009
Z113;12/2009
Z113;01/2010
Z113;02/2010
Z113;03/2010
Z113;04/2010
Z113;05/2010
Z113;06/2010
Z113;07/2010
Z113;08/2010
Z113;09/2010
Z113;10/2010
Z113;11/2010
Z114;11/2008
Z114;12/2008
Z114;01/2009
Z114;02/2009
Z114;03/2009
Z114;04/2009
Z114;05/2009
Z114;06/2009
Z114;07/2009
Z114;08/2009
Z114;09/2009
Z114;10/2009
Z114;11/2009
Z114;12/2009
Z114;01/2010
Z114;02/2010
Z114;03/2010
Z114;04/2010
Z114;05/2010
Z114;06/2010
Z114;07/2010
Z114;08/2010
Z114;09/2010
Z114;10/2010
Z114;11/2010
Z115;09/2008
Z115;10/2008
Z115;11/2008
Z115;12/2008
Z115;01/2009
Z115;02/2009
Z115;03/2009
Z115;04/2009
Z115;05/2009
Z115;06/2009
Z115;07/2009
Z115;08/2009
Z115;09/2009
Z115;10/2009
Z115;11/2009
Z115;12/2009
Z115;01/2010
Z115;02/2010
Z115;03/2010
Z115;04/2010
Z115;05/2010
Z115;06/2010
Z115;07/2010
Z115;08/2010
Z115;09/2010
Z115;10/2010
Z115;11/2010
Z115;12/2010
Z115;01/2011
Z115;02/2011
Z115;03/2011
Z115;04/2011
Z115;05/2011
Z115;06/2011
Z115;07/2011
Z115;08/2011
Z115;09/2011
Z115;10/2011
Z115;11/2011
Z115;12/2011
Z115;01/2012
Z115;02/2012
Z115;03/2012
Z115;04/2012
Z115;05/2012
Z115;06/2012
Z115;07/2012
Z115;08/2012
Z115;09/2012
Z115;10/2012
Z115;11/2012
Z116;03/2009
Z116;04/2009
Z116;05/2009
Z116;06/2009
Z116;07/2009
Z116;08/2009
Z116;09/2009
Z116;10/2009
Z116;11/2009
Z116;12/2009
Z116;01/2010
Z116;02/2010
Z116;03/2010
Z116;04/2010
Z116;05/2010
Z116;06/2010
Z116;07/2010
Z116;08/2010
Z116;09/2010
Z116;10/2010
Z116;11/2010
Z116;12/2010
Z116;01/2011
Z116;02/2011
Z116;03/2011
Z117;04/2009
Z117;05/2009
Z117;06/2009
Z117;07/2009
Z117;08/2009
Z117;09/2009
Z117;10/2009
Z117;11/2009
Z117;12/2009
Z117;01/2010
Z117;02/2010
Z117;03/2010
Z117;04/2010
Z117;05/2010
Z117;06/2010
Z117;07/2010
Z117;08/2010
Z117;09/2010
Z117;10/2010
Z117;11/2010
Z117;12/2010
Z117;01/2011
Z117;02/2011
Z117;03/2011
Z117;04/2011
Z117;05/2011
Z117;06/2011
Z117;07/2011
Z117;08/2011
Z117;09/2011
Z117;10/2011
Z117;11/2011
Z117;12/2011
Z117;01/2012
Z117;02/2012
Z117;03/2012
Z117;04/2012
Z117;05/2012
Z117;06/2012
Z117;07/2012
Z117;08/2012
Z117;09/2012
Z117;10/2012
Z117;11/2012
Z117;12/2012
Z117;01/2013
Z117;02/2013
Z117;03/2013
Z117;04/2013
Z117;05/2013
Z117;06/2013
Z117;07/2013
Z117;08/2013
Z117;09/2013
Z117;10/2013
Z117;11/2013
Z117;12/2013
Z117;01/2014
Z117;02/2014
Z117;03/2014
Z123;09/2009
Z123;10/2009
Z123;11/2009
Z123;12/2009
Z123;01/2010
Z123;02/2010
Z123;03/2010
Z123;04/2010
Z123;05/2010
Z123;06/2010
Z123;07/2010
Z123;08/2010
Z123;09/2010
Z123;10/2010
Z123;11/2010
Z123;12/2010
Z123;01/2011
Z123;02/2011
Z123;03/2011
Z123;04/2011
Z123;05/2011
Z123;06/2011
Z123;07/2011
Z123;08/2011
Z123;09/2011
Z123;10/2011
Z123;11/2011
Z123;12/2011
Z123;01/2012
Z123;02/2012
Z123;03/2012
Z123;04/2012
Z123;05/2012
Z123;06/2012
Z123;07/2012
Z123;08/2012
Z123;09/2012
Z123;10/2012
Z123;11/2012
Z123;12/2012
Z123;01/2013
Z123;02/2013
Z123;03/2013
Z123;04/2013
Z124;12/2009
Z124;01/2010
Z124;02/2010
Z124;03/2010
Z124;04/2010
Z124;05/2010
Z124;06/2010
Z124;07/2010
Z124;08/2010
Z124;09/2010
Z124;10/2010
Z124;11/2010
Z124;12/2010
Z124;01/2011
Z124;02/2011
Z124;03/2011
Z124;04/2011
Z124;05/2011
Z124;06/2011
Z124;07/2011
Z124;08/2011
Z124;09/2011
Z124;10/2011
Z124;11/2011
Z124;12/2011
Z124;01/2012
Z124;02/2012
Z124;03/2012
Z124;04/2012
Z124;05/2012
Z124;06/2012
Z124;07/2012
Z124;08/2012
Z124;09/2012
Z124;10/2012
Z124;11/2012
Z124;12/2012
Z124;01/2013
Z124;02/2013
Z124;03/2013
Z124;04/2013
Z124;05/2013
Z124;06/2013
Z124;07/2013
Z124;08/2013
Z124;09/2013
Z124;10/2013
Z124;11/2013
Z128;01/2010
Z128;02/2010
Z128;03/2010
Z128;04/2010
Z128;05/2010
Z128;06/2010
Z128;07/2010
Z128;08/2010
Z128;09/2010
Z128;10/2010
Z128;11/2010
Z128;12/2010
Z128;01/2011
Z128;02/2011
Z128;03/2011
Z128;04/2011
Z128;05/2011
Z128;06/2011
Z128;07/2011
Z128;08/2011
Z128;09/2011
Z128;10/2011
Z128;11/2011
Z128;12/2011
Z128;01/2012
Z128;02/2012
Z128;03/2012
Z128;04/2012
Z128;05/2012
Z128;06/2012
Z128;07/2012
Z128;08/2012
Z128;09/2012
Z128;10/2012
Z128;11/2012
Z128;12/2012
Z128;01/2013
Z128;02/2013
Z128;03/2013
Z128;04/2013
Z128;05/2013
Z128;06/2013
Z128;07/2013
Z128;08/2013
Z128;09/2013
Z128;10/2013
Z128;11/2013
Z128;12/2013
Z128;01/2014
Z133;09/2010
Z133;10/2010
Z133;11/2010
Z133;12/2010
Z133;01/2011
Z133;02/2011
Z133;03/2011
Z133;04/2011
Z133;05/2011
Z133;06/2011
Z133;07/2011
Z133;08/2011
Z133;09/2011
Z133;10/2011
Z133;11/2011
Z133;12/2011
Z133;01/2012
Z133;02/2012
Z133;03/2012
Z133;04/2012
Z133;05/2012
Z133;06/2012
Z133;07/2012
Z133;08/2012
Z133;09/2012
Z133;10/2012
Z133;11/2012
Z133;12/2012
Z133;01/2013
Z133;02/2013
Z133;03/2013
Z133;04/2013
Z133;05/2013
Z133;06/2013
Z133;07/2013
Z133;08/2013
Z133;09/2013
Z133;10/2013
Z133;11/2013
Z133;12/2013
Z133;01/2014
Z133;02/2014
Z133;03/2014
Z133;04/2014
Z133;05/2014
Z133;06/2014
Z133;07/2014
Z133;08/2014
Z133;09/2014
Z133;10/2014
Z133;11/2014
Z133;12/2014
Z133;01/2015
Z133;02/2015
Z133;03/2015
Z133;04/2015
Z133;05/2015
Z133;06/2015
Z133;07/2015
Z133;08/2015
Z134;10/2010
Z134;11/2010
Z134;12/2010
Z134;01/2011
Z134;02/2011
Z134;03/2011
Z134;04/2011
Z134;05/2011
Z134;06/2011
Z134;07/2011
Z134;08/2011
Z134;09/2011
Z134;10/2011
Z134;11/2011
Z134;12/2011
Z134;01/2012
Z134;02/2012
Z134;03/2012
Z134;04/2012
Z134;05/2012
Z134;06/2012
Z134;07/2012
Z134;08/2012
Z134;09/2012
Z134;10/2012
Z146;01/2012
Z146;02/2012
Z146;03/2012
Z146;04/2012
Z146;05/2012
Z146;06/2012
Z146;07/2012
Z146;08/2012
Z146;09/2012
Z146;10/2012
Z146;11/2012
Z146;12/2012
Z146;01/2013
Z146;02/2013
Z146;03/2013
Z146;04/2013
Z146;05/2013
Z146;06/2013
Z146;07/2013
Z146;08/2013
Z146;09/2013
Z147;07/2012
Z147;08/2012
Z147;09/2012
Z147;10/2012
Z147;11/2012
Z147;12/2012
Z147;01/2013
Z147;02/2013
Z147;03/2013
Z147;04/2013
Z147;05/2013
Z147;06/2013
Z147;07/2013
Z147;08/2013
Z147;09/2013
Z147;10/2013
Z147;11/2013
Z147;12/2013
Z147;01/2014
Z147;02/2014
Z147;03/2014
Z147;04/2014
Z147;05/2014
Z147;06/2014
Z147;07/2014
Z147;08/2014
Z147;09/2014
Z147;10/2014
Z147;11/2014
Z147;12/2014
Z147;01/2015
Z147;02/2015
Z147;03/2015
Z147;04/2015
Z147;05/2015
Z147;06/2015
Z147;07/2015
Z147;08/2015
Z147;09/2015
Z147;10/2015
Z147;11/2015
Z147;12/2015
Z147;01/2016
Z147;02/2016
Z147;03/2016
Z147;04/2016
Z147;05/2016
Z147;06/2016
Z147;07/2016
Z147;08/2016
Z147;09/2016
Z147;10/2016
Z147;11/2016
Z147;12/2016
Z147;01/2017
Z147;02/2017
Z147;03/2017
Z147;04/2017
Z147;05/2017
Z147;06/2017
Z148;01/2012
Z148;02/2012
Z148;03/2012
Z148;04/2012
Z148;05/2012
Z148;06/2012
Z148;07/2012
Z148;08/2012
Z148;09/2012
Z148;10/2012
Z148;11/2012
Z148;12/2012
Z148;01/2013
Z148;02/2013
Z148;03/2013
Z148;04/2013
Z148;05/2013
Z148;06/2013
Z148;07/2013
Z148;08/2013
Z148;09/2013
Z148;10/2013
Z148;11/2013
Z148;12/2013
Z149;12/2011
Z149;01/2012
Z149;02/2012
Z149;03/2012
Z149;04/2012
Z149;05/2012
Z149;06/2012
Z149;07/2012
Z149;08/2012
Z149;09/2012
Z149;10/2012
Z149;11/2012
Z149;12/2012
Z149;01/2013
Z149;02/2013
Z149;03/2013
Z149;04/2013
Z149;05/2013
Z149;06/2013
Z149;07/2013
Z149;08/2013
Z149;09/2013
Z149;10/2013
Z149;11/2013
Z149;12/2013
Z149;01/2014
Z149;02/2014
Z149;03/2014
Z149;04/2014
Z149;05/2014
Z149;06/2014
Z149;07/2014
Z149;08/2014
Z149;09/2014
Z149;10/2014
Z149;11/2014
Z149;12/2014
Z149;01/2015
Z149;02/2015
Z149;03/2015
Z149;04/2015
Z149;05/2015
Z149;06/2015
Z149;07/2015
Z149;08/2015
Z149;09/2015
Z149;10/2015
Z149;11/2015
Z149;12/2015
Z149;01/2016
Z149;02/2016
Z149;03/2016
Z149;04/2016
Z149;05/2016
Z149;06/2016
Z149;07/2016
Z149;08/2016
Z149;09/2016
Z149;10/2016
Z149;11/2016
Z149;12/2016
Z149;01/2017
Z149;02/2017
Z149;03/2017
Z149;04/2017
Z149;05/2017
Z149;06/2017
Z150;01/2012
Z150;02/2012
Z150;03/2012
Z150;04/2012
Z150;05/2012
Z150;06/2012
Z150;07/2012
Z150;08/2012
Z150;09/2012
Z150;10/2012
Z150;11/2012
Z150;12/2012
Z150;01/2013
Z150;02/2013
Z150;03/2013
Z150;04/2013
Z150;05/2013
Z150;06/2013
Z150;07/2013
Z150;08/2013
Z150;09/2013
Z150;10/2013
Z150;11/2013
Z150;12/2013
Z150;01/2014
Z150;02/2014
Z150;03/2014
Z150;04/2014
Z150;05/2014
Z150;06/2014
Z150;07/2014
Z150;08/2014
Z150;09/2014
Z150;10/2014
Z150;11/2014
Z150;12/2014
Z150;01/2015
Z150;02/2015
Z150;03/2015
Z150;04/2015
Z150;05/2015
Z150;06/2015
Z150;07/2015
Z150;08/2015
Z150;09/2015
Z150;10/2015
Z150;11/2015
Z150;12/2015
Z150;01/2016
Z150;02/2016
Z150;03/2016
Z150;04/2016
Z150;05/2016
Z150;06/2016
Z150;07/2016
Z150;08/2016
Z150;09/2016
Z150;10/2016
Z150;11/2016
Z150;12/2016
Z150;01/2017
Z150;02/2017
Z150;03/2017
Z150;04/2017
Z150;05/2017
Z150;06/2017
Z151;01/2012
Z151;02/2012
Z151;03/2012
Z151;04/2012
Z151;05/2012
Z151;06/2012
Z151;07/2012
Z151;08/2012
Z151;09/2012
Z151;10/2012
Z151;11/2012
Z151;12/2012
Z151;01/2013
Z151;02/2013
Z151;03/2013
Z151;04/2013
Z151;05/2013
Z151;06/2013
Z151;07/2013
Z151;08/2013
Z151;09/2013
Z151;10/2013
Z151;11/2013
Z151;12/2013
Z151;01/2014
Z152;04/2012
Z152;05/2012
Z152;06/2012
Z152;07/2012
Z152;08/2012
Z152;09/2012
Z152;10/2012
Z152;11/2012
Z152;12/2012
Z152;01/2013
Z152;02/2013
Z152;03/2013
Z152;04/2013
Z152;05/2013
Z152;06/2013
Z152;07/2013
Z152;08/2013
Z152;09/2013
Z152;10/2013
Z152;11/2013
Z152;12/2013
Z152;01/2014
Z152;02/2014
Z152;03/2014
Z152;04/2014
Z152;05/2014
Z152;06/2014
Z152;07/2014
Z152;08/2014
Z152;09/2014
Z152;10/2014
Z152;11/2014
Z152;12/2014
Z152;01/2015
Z152;02/2015
Z152;03/2015
Z152;04/2015
Z152;05/2015
Z152;06/2015
Z152;07/2015
Z152;08/2015
Z152;09/2015
Z152;10/2015
Z152;11/2015
Z152;12/2015
Z152;01/2016
Z152;02/2016
Z152;03/2016
Z152;04/2016
Z152;05/2016
Z152;06/2016
Z152;07/2016
Z152;08/2016
Z152;09/2016
Z152;10/2016
Z152;11/2016
Z152;12/2016
Z152;01/2017
Z152;02/2017
Z152;03/2017
Z154;07/2012
Z154;08/2012
Z154;09/2012
Z154;10/2012
Z154;11/2012
Z154;12/2012
Z154;01/2013
Z154;02/2013
Z154;03/2013
Z154;04/2013
Z154;05/2013
Z154;06/2013
Z154;07/2013
Z154;08/2013
Z154;09/2013
Z154;10/2013
Z154;11/2013
Z154;12/2013
Z154;01/2014
Z154;02/2014
Z154;03/2014
Z154;04/2014
Z154;05/2014
Z154;06/2014
Z154;07/2014
Z154;08/2014
Z154;09/2014
Z154;10/2014
Z154;11/2014
Z154;12/2014
Z154;01/2015
Z154;02/2015
Z154;03/2015
Z154;04/2015
Z154;05/2015
Z154;06/2015
Z154;07/2015
Z157;09/2012
Z157;10/2012
Z157;11/2012
Z157;12/2012
Z157;01/2013
Z157;02/2013
Z157;03/2013
Z157;04/2013
Z157;05/2013
Z157;06/2013
Z157;07/2013
Z157;08/2013
Z157;09/2013
Z157;10/2013
Z157;11/2013
Z157;12/2013
Z157;01/2014
Z157;02/2014
Z158;11/2012
Z158;12/2012
Z158;01/2013
Z158;02/2013
Z158;03/2013
Z158;04/2013
Z158;05/2013
Z158;06/2013
Z158;07/2013
Z158;08/2013
Z158;09/2013
Z158;10/2013
Z158;11/2013
Z158;12/2013
Z158;01/2014
Z158;02/2014
Z158;03/2014
Z158;04/2014
Z158;05/2014
Z158;06/2014
Z158;07/2014
Z158;08/2014
Z158;09/2014
Z158;10/2014
Z158;11/2014
Z158;12/2014
Z158;01/2015
Z158;02/2015
Z158;03/2015
Z158;04/2015
Z158;05/2015
Z158;06/2015
Z158;07/2015
Z158;08/2015
Z158;09/2015
Z158;10/2015
Z158;11/2015
Z158;12/2015
Z158;01/2016
Z158;02/2016
Z158;03/2016
Z158;04/2016
Z158;05/2016
Z158;06/2016
Z158;07/2016
Z158;08/2016
Z158;09/2016
Z158;10/2016
Z158;11/2016
Z158;12/2016
Z158;01/2017
Z158;02/2017
Z158;03/2017
Z158;04/2017
Z158;05/2017
Z158;06/2017
Z158;07/2017
Z158;08/2017
Z158;09/2017
Z158;10/2017
Z158;11/2017
Z158;12/2017
Z158;01/2018
Z158;02/2018
Z158;03/2018
Z158;04/2018
Z158;05/2018
Z158;06/2018
Z158;07/2018
Z158;08/2018
Z158;09/2018
Z158;10/2018
Z161;12/2012
Z161;01/2013
Z161;02/2013
Z161;03/2013
Z161;04/2013
Z161;05/2013
Z161;06/2013
Z161;07/2013
Z161;08/2013
Z161;09/2013
Z161;10/2013
Z161;11/2013
Z161;12/2013
Z161;01/2014
Z161;02/2014
Z161;03/2014
Z161;04/2014
Z161;05/2014
Z161;06/2014
Z161;07/2014
Z161;08/2014
Z161;09/2014
Z161;10/2014
Z161;11/2014
Z161;12/2014
Z161;01/2015
Z161;02/2015
Z161;03/2015
Z161;04/2015
Z161;05/2015
Z161;06/2015
Z161;07/2015
Z161;08/2015
Z161;09/2015
Z161;10/2015
Z161;11/2015
Z161;12/2015
Z161;01/2016
Z161;02/2016
Z161;03/2016
Z161;04/2016
Z161;05/2016
Z161;06/2016
Z161;07/2016
Z161;08/2016
Z161;09/2016
Z161;10/2016
Z161;11/2016
Z161;12/2016
Z161;01/2017
Z161;02/2017
Z161;03/2017
Z161;04/2017
Z161;05/2017
Z161;06/2017
Z161;07/2017
Z161;08/2017
Z161;09/2017
Z161;10/2017
Z161;11/2017
Z161;12/2017
Z161;01/2018
Z161;02/2018
Z161;03/2018
Z161;04/2018
Z161;05/2018
Z161;06/2018
Z161;07/2018
Z161;08/2018
Z161;09/2018
Z161;10/2018
Z161;11/2018
Z161;12/2018
Z162;01/2013
Z162;02/2013
Z162;03/2013
Z162;04/2013
Z162;05/2013
Z162;06/2013
Z162;07/2013
Z162;08/2013
Z162;09/2013
Z162;10/2013
Z162;11/2013
Z162;12/2013
Z162;01/2014
Z162;02/2014
Z162;03/2014
Z162;04/2014
Z162;05/2014
Z162;06/2014
Z162;07/2014
Z162;08/2014
Z162;09/2014
Z162;10/2014
Z162;11/2014
Z162;12/2014
Z162;01/2015
Z162;02/2015
Z162;03/2015
Z162;04/2015
Z162;05/2015
Z162;06/2015
Z162;07/2015
Z162;08/2015
Z162;09/2015
Z162;10/2015
Z162;11/2015
Z162;12/2015
Z162;01/2016
Z162;02/2016
Z162;03/2016
Z162;04/2016
Z162;05/2016
Z162;06/2016
Z162;07/2016
Z162;08/2016
Z162;09/2016
Z162;10/2016
Z162;11/2016
Z162;12/2016
Z162;01/2017
Z162;02/2017
Z162;03/2017
Z162;04/2017
Z162;05/2017
Z162;06/2017
Z162;07/2017
Z162;08/2017
Z162;09/2017
Z162;10/2017
Z162;11/2017
Z162;12/2017
Z162;01/2018
Z162;02/2018
Z162;03/2018
Z162;04/2018
Z162;05/2018
Z162;06/2018
Z162;07/2018
Z162;08/2018
Z162;09/2018
Z162;10/2018
Z162;11/2018
Z162;12/2018
Z169;01/2014
Z169;02/2014
Z169;03/2014
Z169;04/2014
Z169;05/2014
Z169;06/2014
Z169;07/2014
Z169;08/2014
Z169;09/2014
Z169;10/2014
Z169;11/2014
Z169;12/2014
Z169;01/2015
Z169;02/2015
Z169;03/2015
Z169;04/2015
Z169;05/2015
Z169;06/2015
Z169;07/2015
Z169;08/2015
Z169;09/2015
Z169;10/2015
Z169;11/2015
Z169;12/2015
Z169;01/2016
Z169;02/2016
Z169;03/2016
Z169;04/2016
Z169;05/2016
Z169;06/2016
Z169;07/2016
Z169;08/2016
Z169;09/2016
Z169;10/2016
Z169;11/2016
Z169;12/2016
Z169;01/2017
Z169;02/2017
Z169;03/2017
Z169;04/2017
Z169;05/2017
Z169;06/2017
Z169;07/2017
Z169;08/2017
Z169;09/2017
Z169;10/2017
Z169;11/2017
Z169;12/2017
Z169;01/2018
Z169;02/2018
Z169;03/2018
Z169;04/2018
Z169;05/2018
Z169;06/2018
Z169;07/2018
Z169;08/2018
Z169;09/2018
Z169;10/2018
Z169;11/2018
Z169;12/2018
Z169;01/2019
Z169;02/2019
Z169;03/2019
Z169;04/2019
Z169;05/2019
Z170;02/2014
Z170;03/2014
Z170;04/2014
Z170;05/2014
Z170;06/2014
Z170;07/2014
Z170;08/2014
Z170;09/2014
Z170;10/2014
Z170;11/2014
Z170;12/2014
Z170;01/2015
Z170;02/2015
Z170;03/2015
Z170;04/2015
Z170;05/2015
Z170;06/2015
Z170;07/2015
Z170;08/2015
Z170;09/2015
Z170;10/2015
Z170;11/2015
Z170;12/2015
Z170;01/2016
Z170;02/2016
Z170;03/2016
Z170;04/2016
Z170;05/2016
Z170;06/2016
Z170;07/2016
Z170;08/2016
Z170;09/2016
Z170;10/2016
Z170;11/2016
Z170;12/2016
Z170;01/2017
Z170;02/2017
Z170;03/2017
Z170;04/2017
Z170;05/2017
Z170;06/2017
Z170;07/2017
Z170;08/2017
Z170;09/2017
Z170;10/2017
Z170;11/2017
Z170;12/2017
Z170;01/2018
Z170;02/2018
Z170;03/2018
Z170;04/2018
Z170;05/2018
Z170;06/2018
Z170;07/2018
Z170;08/2018
Z170;09/2018
Z170;10/2018
Z170;11/2018
Z170;12/2018
Z170;01/2019
Z170;02/2019
Z170;03/2019
Z170;04/2019
Z170;05/2019
Z170;06/2019
Z170;07/2019
Z170;08/2019
Z170;09/2019
Z170;10/2019
Z170;11/2019
Z170;12/2019
Z170;01/2020
Z170;02/2020
Z171;05/2014
Z171;06/2014
Z171;07/2014
Z171;08/2014
Z171;09/2014
Z171;10/2014
Z171;11/2014
Z171;12/2014
Z171;01/2015
Z171;02/2015
Z171;03/2015
Z171;04/2015
Z171;05/2015
Z171;06/2015
Z171;07/2015
Z171;08/2015
Z171;09/2015
Z171;10/2015
Z171;11/2015
Z171;12/2015
Z171;01/2016
Z171;02/2016
Z171;03/2016
Z171;04/2016
Z171;05/2016
Z171;06/2016
Z171;07/2016
Z171;08/2016
Z171;09/2016
Z171;10/2016
Z171;11/2016
Z171;12/2016
Z171;01/2017
Z171;02/2017
Z171;03/2017
Z171;04/2017
Z171;05/2017
Z171;06/2017
Z171;07/2017
Z171;08/2017
Z171;09/2017
Z171;10/2017
Z171;11/2017
Z171;12/2017
Z171;01/2018
Z171;02/2018
Z171;03/2018
Z171;04/2018
Z171;05/2018
Z171;06/2018
Z171;07/2018
Z171;08/2018
Z171;09/2018
Z171;10/2018
Z171;11/2018
Z171;12/2018
Z171;01/2019
Z171;02/2019
Z171;03/2019
Z171;04/2019
Z171;05/2019
Z171;06/2019
Z171;07/2019
Z171;08/2019
Z172;05/2014
Z172;06/2014
Z172;07/2014
Z172;08/2014
Z172;09/2014
Z172;10/2014
Z172;11/2014
Z172;12/2014
Z172;01/2015
Z172;02/2015
Z172;03/2015
Z172;04/2015
Z172;05/2015
Z172;06/2015
Z172;07/2015
Z172;08/2015
Z172;09/2015
Z172;10/2015
Z172;11/2015
Z172;12/2015
Z172;01/2016
Z172;02/2016
Z172;03/2016
Z172;04/2016
Z172;05/2016
Z172;06/2016
Z172;07/2016
Z172;08/2016
Z172;09/2016
Z172;10/2016
Z172;11/2016
Z172;12/2016
Z172;01/2017
Z172;02/2017
Z172;03/2017
Z172;04/2017
Z172;05/2017
Z172;06/2017
Z172;07/2017
Z172;08/2017
Z172;09/2017
Z172;10/2017
Z172;11/2017
Z172;12/2017
Z172;01/2018
Z172;02/2018
Z172;03/2018
Z172;04/2018
Z172;05/2018
Z172;06/2018
Z172;07/2018
Z172;08/2018
Z172;09/2018
Z172;10/2018
Z172;11/2018
Z172;12/2018
Z172;01/2019
Z172;02/2019
Z172;03/2019
Z172;04/2019
Z172;05/2019
Z172;06/2019
Z172;07/2019
Z172;08/2019
Z173;05/2014
Z173;06/2014
Z173;07/2014
Z173;08/2014
Z173;09/2014
Z173;10/2014
Z173;11/2014
Z173;12/2014
Z173;01/2015
Z173;02/2015
Z173;03/2015
Z173;04/2015
Z173;05/2015
Z173;06/2015
Z173;07/2015
Z173;08/2015
Z173;09/2015
Z173;10/2015
Z173;11/2015
Z173;12/2015
Z173;01/2016
Z173;02/2016
Z173;03/2016
Z173;04/2016
Z173;05/2016
Z173;06/2016
Z173;07/2016
Z173;08/2016
Z173;09/2016
Z173;10/2016
Z173;11/2016
Z173;12/2016
Z173;01/2017
Z173;02/2017
Z173;03/2017
Z173;04/2017
Z173;05/2017
Z173;06/2017
Z173;07/2017
Z173;08/2017
Z173;09/2017
Z173;10/2017
Z173;11/2017
Z173;12/2017
Z173;01/2018
Z173;02/2018
Z173;03/2018
Z173;04/2018
Z173;05/2018
Z173;06/2018
Z173;07/2018
Z173;08/2018
Z173;09/2018
Z173;10/2018
Z173;11/2018
Z173;12/2018
Z173;01/2019
Z173;02/2019
Z173;03/2019
Z173;04/2019
Z173;05/2019
Z173;06/2019
Z173;07/2019
Z173;08/2019
Z175;06/2014
Z175;07/2014
Z175;08/2014
Z175;09/2014
Z175;10/2014
Z175;11/2014
Z175;12/2014
Z175;01/2015
Z175;02/2015
Z175;03/2015
Z175;04/2015
Z175;05/2015
Z175;06/2015
Z175;07/2015
Z175;08/2015
Z175;09/2015
Z175;10/2015
Z175;11/2015
Z175;12/2015
Z175;01/2016
Z175;02/2016
Z175;03/2016
Z175;04/2016
Z175;05/2016
Z175;06/2016
Z175;07/2016
Z175;08/2016
Z175;09/2016
Z175;10/2016
Z175;11/2016
Z175;12/2016
Z175;01/2017
Z175;02/2017
Z175;03/2017
Z175;04/2017
Z175;05/2017
Z175;06/2017
Z175;07/2017
Z175;08/2017
Z175;09/2017
Z175;10/2017
Z175;11/2017
Z175;12/2017
Z175;01/2018
Z175;02/2018
Z175;03/2018
Z175;04/2018
Z175;05/2018
Z175;06/2018
Z175;07/2018
Z175;08/2018
Z175;09/2018
Z175;10/2018
Z175;11/2018
Z175;12/2018
Z175;01/2019
Z175;02/2019
Z175;03/2019
Z175;04/2019
Z175;05/2019
Z175;06/2019
Z175;07/2019
Z175;08/2019
Z175;09/2019
Z175;10/2019
Z175;11/2019
Z175;12/2019
Z175;01/2020
Z175;02/2020
Z175;03/2020
Z175;04/2020
Z175;05/2020
Z176;09/2014
Z176;10/2014
Z176;11/2014
Z176;12/2014
Z176;01/2015
Z176;02/2015
Z176;03/2015
Z176;04/2015
Z176;05/2015
Z176;06/2015
Z176;07/2015
Z176;08/2015
Z176;09/2015
Z176;10/2015
Z176;11/2015
Z176;12/2015
Z176;01/2016
Z176;02/2016
Z176;03/2016
Z176;04/2016
Z176;05/2016
Z176;06/2016
Z176;07/2016
Z176;08/2016
Z176;09/2016
Z180;01/2015
Z180;02/2015
Z180;03/2015
Z180;04/2015
Z180;05/2015
Z180;06/2015
Z180;07/2015
Z180;08/2015
Z180;09/2015
Z180;10/2015
Z180;11/2015
Z180;12/2015
Z180;01/2016
Z180;02/2016
Z180;03/2016
Z180;04/2016
Z180;05/2016
Z180;06/2016
Z180;07/2016
Z180;08/2016
Z180;09/2016
Z180;10/2016
Z180;11/2016
Z180;12/2016
Z180;01/2017
Z180;02/2017
Z180;03/2017
Z180;04/2017
Z180;05/2017
Z180;06/2017
Z182;10/2015
Z182;11/2015
Z182;12/2015
Z182;01/2016
Z182;02/2016
Z182;03/2016
Z182;04/2016
Z182;05/2016
Z182;06/2016
Z182;07/2016
Z182;08/2016
Z182;09/2016
Z182;10/2016
Z182;11/2016
Z182;12/2016
Z182;01/2017
Z182;02/2017
Z182;03/2017
Z182;04/2017
Z182;05/2017
Z182;06/2017
Z182;07/2017
Z182;08/2017
Z182;09/2017
Z182;10/2017
Z182;11/2017
Z182;12/2017
Z182;01/2018
Z182;02/2018
Z182;03/2018
Z182;04/2018
Z182;05/2018
Z182;06/2018
Z182;07/2018
Z182;08/2018
Z182;09/2018
Z182;10/2018
Z182;11/2018
Z182;12/2018
Z182;01/2019
Z182;02/2019
Z182;03/2019
Z182;04/2019
Z182;05/2019
Z182;06/2019
Z182;07/2019
Z182;08/2019
Z182;09/2019
Z182;10/2019
Z182;11/2019
Z182;12/2019
Z182;01/2020
Z182;02/2020
Z182;03/2020
Z182;04/2020
Z183;12/2015
Z183;01/2016
Z183;02/2016
Z183;03/2016
Z183;04/2016
Z183;05/2016
Z183;06/2016
Z183;07/2016
Z183;08/2016
Z183;09/2016
Z183;10/2016
Z183;11/2016
Z183;12/2016
Z183;01/2017
Z183;02/2017
Z183;03/2017
Z183;04/2017
Z183;05/2017
Z183;06/2017
Z183;07/2017
Z183;08/2017
Z183;09/2017
Z183;10/2017
Z183;11/2017
Z183;12/2017
Z183;01/2018
Z183;02/2018
Z183;03/2018
Z183;04/2018
Z183;05/2018
Z183;06/2018
Z183;07/2018
Z183;08/2018
Z183;09/2018
Z183;10/2018
Z183;11/2018
Z183;12/2018
Z183;01/2019
Z183;02/2019
Z183;03/2019
Z183;04/2019
Z183;05/2019
Z183;06/2019
Z183;07/2019
Z183;08/2019
Z183;09/2019
Z183;10/2019
Z183;11/2019
Z183;12/2019
Z183;01/2020
Z183;02/2020
Z183;03/2020
Z183;04/2020
Z183;05/2020
Z183;06/2020
Z183;07/2020
Z183;08/2020
Z183;09/2020
Z183;10/2020
Z183;11/2020
Z183;12/2020
Z183;01/2021
Z183;02/2021
Z183;03/2021
Z183;04/2021
Z184;01/2016
Z184;02/2016
Z184;03/2016
Z184;04/2016
Z184;05/2016
Z184;06/2016
Z184;07/2016
Z184;08/2016
Z184;09/2016
Z184;10/2016
Z184;11/2016
Z184;12/2016
Z184;01/2017
Z184;02/2017
Z184;03/2017
Z184;04/2017
Z184;05/2017
Z184;06/2017
Z184;07/2017
Z184;08/2017
Z184;09/2017
Z184;10/2017
Z184;11/2017
Z184;12/2017
Z184;01/2018
Z184;02/2018
Z184;03/2018
Z184;04/2018
Z184;05/2018
Z184;06/2018
Z184;07/2018
Z184;08/2018
Z184;09/2018
Z184;10/2018
Z184;11/2018
Z184;12/2018
Z184;01/2019
Z184;02/2019
Z184;03/2019
Z184;04/2019
Z184;05/2019
Z184;06/2019
Z184;07/2019
Z184;08/2019
Z184;09/2019
Z184;10/2019
Z184;11/2019
Z184;12/2019
Z184;01/2020
Z184;02/2020
Z184;03/2020
Z184;04/2020
Z184;05/2020
Z184;06/2020
Z184;07/2020
Z184;08/2020
Z184;09/2020
Z184;10/2020
Z184;11/2020
Z184;12/2020
Z184;01/2021
Z185;02/2016
Z185;03/2016
Z185;04/2016
Z185;05/2016
Z185;06/2016
Z185;07/2016
Z185;08/2016
Z185;09/2016
Z185;10/2016
Z185;11/2016
Z185;12/2016
Z185;01/2017
Z185;02/2017
Z185;03/2017
Z185;04/2017
Z185;05/2017
Z185;06/2017
Z185;07/2017
Z185;08/2017
Z185;09/2017
Z185;10/2017
Z185;11/2017
Z185;12/2017
Z185;01/2018
Z185;02/2018
Z185;03/2018
Z185;04/2018
Z185;05/2018
Z185;06/2018
Z185;07/2018
Z185;08/2018
Z185;09/2018
Z185;10/2018
Z185;11/2018
Z185;12/2018
Z185;01/2019
Z185;02/2019
Z185;03/2019
Z185;04/2019
Z185;05/2019
Z185;06/2019
Z185;07/2019
Z185;08/2019
Z185;09/2019
Z185;10/2019
Z185;11/2019
Z185;12/2019
Z185;01/2020
Z185;02/2020
Z185;03/2020
Z185;04/2020
Z185;05/2020
Z185;06/2020
Z186;02/2016
Z186;03/2016
Z186;04/2016
Z186;05/2016
Z186;06/2016
Z186;07/2016
Z186;08/2016
Z186;09/2016
Z186;10/2016
Z186;11/2016
Z186;12/2016
Z186;01/2017
Z186;02/2017
Z186;03/2017
Z186;04/2017
Z186;05/2017
Z186;06/2017
Z188;04/2016
Z188;05/2016
Z188;06/2016
Z188;07/2016
Z188;08/2016
Z188;09/2016
Z188;10/2016
Z188;11/2016
Z188;12/2016
Z188;01/2017
Z188;02/2017
Z188;03/2017
Z188;04/2017
Z188;05/2017
Z188;06/2017
Z188;07/2017
Z188;08/2017
Z188;09/2017
Z188;10/2017
Z188;11/2017
Z188;12/2017
Z188;01/2018
Z188;02/2018
Z188;03/2018
Z188;04/2018
Z188;05/2018
Z188;06/2018
Z188;07/2018
Z188;08/2018
Z188;09/2018
Z188;10/2018
Z188;11/2018
Z188;12/2018
Z188;01/2019
Z188;02/2019
Z189;06/2017
Z189;07/2017
Z189;08/2017
Z189;09/2017
Z189;10/2017
Z189;11/2017
Z189;12/2017
Z189;01/2018
Z189;02/2018
Z189;03/2018
Z189;04/2018
Z189;05/2018
Z189;06/2018
Z189;07/2018
Z189;08/2018
Z189;09/2018
Z189;10/2018
Z189;11/2018
Z189;12/2018
Z189;01/2019
Z189;02/2019
Z189;03/2019
Z189;04/2019
Z189;05/2019
Z189;06/2019
Z189;07/2019
Z189;08/2019
Z189;09/2019
Z189;10/2019
Z189;11/2019
Z189;12/2019
Z189;01/2020
Z189;02/2020
Z189;03/2020
Z189;04/2020
Z189;05/2020
Z191;09/2017
Z191;10/2017
Z191;11/2017
Z191;12/2017
Z191;01/2018
Z191;02/2018
Z191;03/2018
Z191;04/2018
Z191;05/2018
Z191;06/2018
Z191;07/2018
Z191;08/2018
Z191;09/2018
Z191;10/2018
Z191;11/2018
Z191;12/2018
Z191;01/2019
Z191;02/2019
Z191;03/2019
Z191;04/2019
Z191;05/2019
Z191;06/2019
Z191;07/2019
Z191;08/2019
Z191;09/2019
Z191;10/2019
Z191;11/2019
Z191;12/2019
Z191;01/2020
Z191;02/2020
Z191;03/2020
Z191;04/2020
Z191;05/2020
Z191;06/2020
Z191;07/2020
Z191;08/2020
Z191;09/2020
Z191;10/2020
Z191;11/2020
Z191;12/2020
Z191;01/2021
Z191;02/2021
Z191;03/2021
Z193;06/2018
Z193;07/2018
Z193;08/2018
Z193;09/2018
Z193;10/2018
Z193;11/2018
Z193;12/2018
Z193;01/2019
Z193;02/2019
Z193;03/2019
Z193;04/2019
Z193;05/2019
Z193;06/2019
Z193;07/2019
Z193;08/2019
Z193;09/2019
Z193;10/2019
Z193;11/2019
Z193;12/2019
Z193;01/2020
Z193;02/2020
Z193;03/2020
Z193;04/2020
Z193;05/2020
Z193;06/2020
Z193;07/2020
Z193;08/2020
Z193;09/2020
Z193;10/2020
Z193;11/2020
Z193;12/2020
Z193;01/2021
Z193;02/2021
Z193;03/2021
Z193;04/2021
Z195;07/2018
Z195;08/2018
Z195;09/2018
Z195;10/2018
Z195;11/2018
Z195;12/2018
Z195;01/2019
Z195;02/2019
Z195;03/2019
Z195;04/2019
Z195;05/2019
Z195;06/2019
Z195;07/2019
Z195;08/2019
Z195;09/2019
Z195;10/2019
Z195;11/2019
Z195;12/2019
Z195;01/2020
Z195;02/2020
Z195;03/2020
Z195;04/2020
Z195;05/2020
Z195;06/2020
Z195;07/2020
Z195;08/2020
Z195;09/2020
Z195;10/2020
Z195;11/2020
Z195;12/2020
Z195;01/2021
Z195;02/2021
Z195;03/2021
Z195;04/2021
Z196;09/2018
Z196;10/2018
Z196;11/2018
Z196;12/2018
Z196;01/2019
Z196;02/2019
Z196;03/2019
Z196;04/2019
Z196;05/2019
Z196;06/2019
Z196;07/2019
Z196;08/2019
Z196;09/2019
Z196;10/2019
Z196;11/2019
Z196;12/2019
Z196;01/2020
Z196;02/2020
Z196;03/2020
Z196;04/2020
Z196;05/2020
Z196;06/2020
Z196;07/2020
Z196;08/2020
Z196;09/2020
Z196;10/2020
Z196;11/2020
Z196;12/2020
Z196;01/2021
Z196;02/2021
Z197;09/2018
Z197;10/2018
Z197;11/2018
Z197;12/2018
Z197;01/2019
Z197;02/2019
Z197;03/2019
Z197;04/2019
Z197;05/2019
Z197;06/2019
Z197;07/2019
Z197;08/2019
Z197;09/2019
Z197;10/2019
Z197;11/2019
Z197;12/2019
Z197;01/2020
Z197;02/2020
Z197;03/2020
Z197;04/2020
Z197;05/2020
Z197;06/2020
Z197;07/2020
Z199;10/2018
Z199;11/2018
Z199;12/2018
Z199;01/2019
Z199;02/2019
Z199;03/2019
Z199;04/2019
Z199;05/2019
Z199;06/2019
Z199;07/2019
Z199;08/2019
Z199;09/2019
Z199;10/2019
Z199;11/2019
Z199;12/2019
Z199;01/2020
Z199;02/2020
Z199;03/2020
Z199;04/2020
Z199;05/2020
Z199;06/2020
Z199;07/2020
Z199;08/2020
Z202;03/2019
Z202;04/2019
Z202;05/2019
Z202;06/2019
Z202;07/2019
Z202;08/2019
Z202;09/2019
Z202;10/2019
Z202;11/2019
Z202;12/2019
Z202;01/2020
Z202;02/2020
Z202;03/2020
Z202;04/2020
Z202;05/2020
Z202;06/2020
Z202;07/2020
Z202;08/2020
Z202;09/2020
Z202;10/2020
Z202;11/2020
Z202;12/2020
Z202;01/2021
Z202;02/2021
Z202;03/2021
Z205;05/2019
Z205;06/2019
Z205;07/2019
Z205;08/2019
Z205;09/2019
Z205;10/2019
Z205;11/2019
Z205;12/2019
Z205;01/2020
Z205;02/2020
Z205;03/2020
Z205;04/2020
Z205;05/2020
Z205;06/2020
Z205;07/2020
Z205;08/2020
Z205;09/2020
Z205;10/2020
Z205;11/2020
Z205;12/2020
Z205;01/2021
Z205;02/2021
Z205;03/2021
Z207;11/2020
Z207;12/2020
Z208;11/2020
Z208;12/2020
